<?xml version="1.0" encoding="utf-8"?>
<install version="1.5" type="plugin" group="tienda" method="upgrade">
	<name>Shipping via UPS</name>
	<version>0.5.5</version>
	<creationDate>AUGUST 2010</creationDate>
	<author>Dioscouri</author>
	<authorEmail>info@dioscouri.com</authorEmail>
	<authorUrl>http://www.dioscouri.com</authorUrl>
	<copyright>2010 Dioscouri.com</copyright>
	<license>GNU General Public License v2</license>
	<description>This plugin is for UPS</description>
	
	<files>
		<filename plugin="shipping_ups">shipping_ups.php</filename>
		<folder>shipping_ups</folder>	
	</files>

	<languages folder="languages">
		<language tag="en-GB">en-GB.plg_tienda_shipping_ups.ini</language>
	</languages>

	<params addpath="/administrator/components/com_tienda/elements">
		<param name="key" type="text" size="50" default="" label="API Key" description="API Key Desc"/>
		<param name="password" type="text" size="50" default="" label="API Password" description="API Password Desc"/>
		<param name="account" type="text" size="50" default="" label="API Account ID" description="API Account ID Desc"/>
		<param name="meter" type="text" size="50" default="" label="API Meter" description="API Meter Desc"/>
		<param name="dropoff" type="list" default="0" label="Dropoff Type" description="Dropoff Type Desc">
		  <option value="0">None</option>
		  <option value="REGULAR_PICKUP">Regular Pickup</option>
		  <option value="BUSINESS_SERVICE_CENTER">Business Service Center</option>
		  <option value="DROP_BOX">Drop Box</option>
		  <option value="REQUEST_COURIER">Request Courier</option>
		  <option value="STATION">Station</option>
		</param>
        <param name="services" type="textarea" default="DHL_GROUND, STANDARD_OVERNIGHT" label="Services List" description="Services List Desc" rows="5" cols="30" />
		<param name="packaging" type="list" default="YOUR_PACKAGING" label="Packaging Type" description="Packaging Type Desc">
			<option value="YOUR_PACKAGING">YOUR_PACKAGING</option>
			<option value="DHL_10KG_BOX">DHL_10KG_BOX</option>
			<option value="DHL_25KG_BOX">DHL_25KG_BOX</option>
			<option value="DHL_BOX">DHL_BOX</option>
			<option value="DHL_ENVELOPE">DHL_ENVELOPE</option>
			<option value="DHL_PAK">DHL_PAK</option>
			<option value="DHL_TUBE">DHL_TUBE</option>
		</param>
		<param name="weight_unit" type="list" default="KG" label="Weight Unit" description="Weight Unit Desc">
			<option value="KG">KG</option>
			<option value="LB">LB</option>
		</param>
		<param name="dimension_unit" type="list" default="CM" label="Dimension Unit" description="Dimension Unit Desc">
			<option value="CM">CM</option>
			<option value="IN">IN</option>
		</param>
	</params>
			
</install>

